{"chunk_definitions":[{"row":38,"row_count":1,"visible":true,"expansion_state":0,"options":{"engine":"r","label":"setup","include":false},"document_id":"A10FDE28","chunk_id":"csetup_chunk","chunk_label":"setup"},{"row":94,"row_count":1,"visible":true,"expansion_state":0,"options":{"engine":"r","label":"unnamed-chunk-1"},"document_id":"A10FDE28","chunk_id":"c6eicp0ej7m6h","chunk_label":"unnamed-chunk-2"},{"row":120,"row_count":1,"visible":true,"expansion_state":0,"options":{"engine":"r","label":"radial_plots","fig.height":3,"fig.width":8},"document_id":"A10FDE28","chunk_id":"cje64svgjzvfi","chunk_label":"radial_plots"}],"doc_write_time":1681411486,"working_dir":null,"default_chunk_options":{"echo":false,"dev":"png","dpi":300.0}}