"0","rp <- dat%>%"
"0","  mutate(Cp=score)%>%"
"0","  ggplot(aes(color=Cp,"
"0","             x=theta,"
"0","             y=size,"
"0","             group=size))+"
"0","  geom_line(size=2)+"
"0","  scale_color_distiller(palette = ""Spectral"","
"0","                        direction = 1)+"
"0","  #scale_color_viridis_c(option = ""D"", direction = -1)+"
"0","  labs(y=""Size (inches)"","
"0","       x=""Angle in Degrees"","
"0","       title=""a) Capability: Circular Segment"")+"
"0","  scale_x_continuous(TeX(""$\\theta$""),labels = labels_theta,"
"0","                     breaks = breaks_theta)+"
"0","  coord_polar(start=-pi/2,direction = -1,clip=""on"")+"
"0","  theme(text = element_text(size = 9),"
"0","        legend.position = ""left"","
"0","        axis.text.x=element_text(color=""black"", size = 7),"
"0","        axis.text.y=element_text(color=""black"", size = 7))"
"0",""
"0","grid.arrange(rp,mp,ncol=2, widths=c(3.5,5)/8.5)"
