{"working_dir":null,"default_chunk_options":{"echo":false,"dev":"png","dpi":300.0},"chunk_definitions":[{"row":38,"row_count":1,"visible":true,"expansion_state":0,"options":{"engine":"r","label":"setup","include":false},"document_id":"A10FDE28","chunk_id":"csetup_chunk","chunk_label":"setup"},{"row":65,"row_count":1,"visible":true,"expansion_state":0,"options":{"engine":"r","label":"unnamed-chunk-22"},"document_id":"A10FDE28","chunk_id":"cd9prfbiz99f1","chunk_label":"unnamed-chunk-1"},{"row":94,"row_count":1,"visible":true,"expansion_state":0,"options":{"engine":"r","label":"unnamed-chunk-23"},"document_id":"A10FDE28","chunk_id":"cxdfqd5ouitsy","chunk_label":"unnamed-chunk-2"},{"row":120,"row_count":1,"visible":true,"expansion_state":0,"options":{"engine":"r","label":"radial_plots","fig.height":3,"fig.width":8},"document_id":"A10FDE28","chunk_id":"ca3uwo3ug1ks0","chunk_label":"radial_plots"},{"row":183,"row_count":1,"visible":true,"expansion_state":0,"options":{"engine":"r","label":"unnamed-chunk-24"},"document_id":"A10FDE28","chunk_id":"cm8dhgc11cqf3","chunk_label":"unnamed-chunk-3"}],"doc_write_time":1681411486,"chunk_rendered_width":690}