"0","#Data Generation"
"0","breaks_theta <- seq(0, 2*pi, pi/4)"
"0","labels_theta <- c(expression(0), expression(pi/4),"
"0","                  expression(pi/2),expression(3*pi/4),"
"0","                  expression(pi),expression(5*pi/4),"
"0","                  expression(3*pi/2), expression(7*pi/4),"
"0","                  expression(2 *pi))"
"0",""
"0","th <- seq(0,2*pi,length=25)"
"0","th <- th[-11]"
"0",""
"0","dat <- expand.grid(theta=th,"
"0","                   size= seq(0.5,3,by=0.25))"
"0",""
"0",""
"0","dat <- as_tibble(dat)%>%"
"0","        mutate(score=1.7+0.1*cos(th)-0.5*(size/3-0.5)^2)"
