"0","states_map <- map_data(""state"")"
"0","crimes <- data.frame(state = tolower(rownames(USArrests)), USArrests)"
"0",""
"0","mp <- crimes%>%"
"0","ggplot(aes(map_id = state)) +"
"0","    geom_map(aes(fill = UrbanPop), "
"0","             map = states_map) +"
"0","    # crs = 5070 is a Conus Albers projection for North America,"
"0","    #   see: https://epsg.io/5070"
"0","    # default_crs = 4326 tells coord_sf() that the input map data"
"0","    #   are in longitude-latitude format"
"0","    coord_sf("
"0","      crs = 5070, default_crs = 4326,"
"0","      xlim = c(-125, -70), ylim = c(25, 52)"
"0","    )+"
"0","  scale_fill_viridis()+"
"0","  labs(title=""b) Choropleth Map US Population"","
"0","       x = ""Longitude"", y=""Latitude"")+"
"0","  theme(text = element_text(size = 9),"
"0","        legend.position = ""left"","
"0","        axis.text.x=element_text(color=""black"", size = 7),"
"0","        axis.text.y=element_text(color=""black"", size = 7))"
